INDEX,À½½Ä¸í,·çÅ×ÀÎ(mg),ºñÅ¸¹ÎA(ug),ºñÅ¸¹ÎD(ug),ºñÅ¸¹ÎE(mg),ºñÅ¸¹ÎK(ug),ºñÅ¸¹ÎC(mg),ºñÅ¸¹ÎB2(mg),¾Æ¿¬(mg),¼¿·»(ug),Ã¶(mg),¸¶±×³×½·(mg),EPA(mg),ÇÁ·Î¹ÙÀÌ¿ÀÆ½½º(CFU),½Ç¸®¸¶¸°(mg),³ªÀÌ¾Æ½Å(mg),¿Ã¸®°í´ç(g),Ä®½·(mg),ºñÅ¸¹ÎB6(mg),º£Å¸Ä«·ÎÆ¾(mg),ÆÇÅäÅÙ»ê(mg),ºñ¿ÀÆ¾(ug),¸Á°£(mg),Å©·Ò(ug),¿±»ê(ug),±¸¸®(mg),¸ô¸®ºêµ§(ug)
0,¿ìÀ¯,0,0,0,0,0,0.0430517711,0.487951807,0.274390244,0.313606474,0.02787068,0.149253731,0,0,0,0.143142477,0,0.590386625,0,0,0.103917148,0.137530562,0,0,0.00783085356,0,0.0437700613
1,¿ä±¸¸£Æ®,0,0,0,0,0,0.0250681199,0.192771084,0.0838414634,0.0720789074,0.011148272,0.0597014925,0,0,0,0.00951112802,0,0.235109718,0,0,0,0,0.000258870634,0,0.101801096,0.00264550265,0.0518987869
2,Ä¡Áî,0,0,0,0.0113341969,0,0.00326975477,0.984939759,2.87347561,1.266439049,0.016722408,0.52238806,0,0,0,0.115084649,0,5,0,0.0212112346,0.0267718754,0,0.00258870634,0,0.0978856695,0.044973545,0.168827379
3,°è¶õ,0,0,0,0,0,0,0.569277108,0.0228658537,1.388467375,0.0390189521,0.179104478,0,0,0,0.0204489252,0,0.0470219436,0.0155359917,0,0.0295899676,0.100244499,0,0,0,0,0.0950435616
4,ºê·ÎÄÝ¸®,0,0,0,0.0825777202,0.705792247,1.589645777,0.430722892,0.579268293,0.0493171472,0.445930881,0.343283582,0,0,0,0.486969755,0,0.00417972832,0,0.0965476887,0.114132732,0,0.0262322242,0,0.168363352,0.0661375661,0.172995956
5,¾çÆÄ,0,0,0,0,0,0.320435967,0.0331325301,0.114329268,0.0739757208,0.11148272,0.119402985,0,0,0,0.0470800837,0,0.0078369906,0,0.000731421884,0.037339721,0.0348410758,0.0151870772,0,0.0430696946,0.0185185185,0.0110467298
6,¸¶´Ã,0,0,0,0.0161917098,0,0.460490463,0.484939759,0.50304878,0.218765807,0.434782609,0.358208955,0,0,0,0.236827088,0,0.0626959248,0,0,0.381851487,0.234718826,0.021658843,0,0.360219264,0.0925925926,0.224894743
7,Ä³½´³Ó,0,0,0,0.534326425,0.108309673,0,0.542168675,4.115853659,1.707132018,2.675585284,3.582089552,0,0,0,0.428000761,0,0.198537095,0.932159503,0,0.464985205,1.161369193,0,0,0.246671887,5,0.62528659
8,¾Æ¸óµå,0,0,0,0.720531088,0,0,4.656626506,3.056402439,0,2.65328874,5,0,0,0,1.801883203,0,1.922675026,0,0.00621708602,0.170846837,1.55195599,0.212187629,0,0.289741582,3.248677249,0.556505065
9,¶¥Äá,0,0,0,1.502590674,0,0,0.638554217,2.576219512,0.289580172,1.711259755,2.71641791,0,0,0,5,0,0.350052247,0,0.00146284377,0.301888122,0,0.137546597,0,0.348472984,1.978835979,4.629413481
10,°ËÀºÄá,0,0,0,1.544689119,0.112212689,0.249046322,2.09939759,3.422256098,0.346484573,4.280936455,3.119402985,0,0,0,0.626783337,0,0.825496343,0,0.0365710942,0.316683106,0,0.232293249,0,1.898981989,3.034391534,0.79202968
11,½Ã±ÝÄ¡,0,0,0,0,0,3.269754768,1.024096386,0,0,1.449275362,0,0,0,0,0.2377782,0,0.208986416,0,1.051784669,0,0,0,0,0,0,0
12,°è¶õ ³ë¸¥ÀÚ,0,0,0,0.441224093,0.13747592,0,1.162650602,3.338414634,4.743930197,4.180602007,0.179104478,0,0,0,0.104622408,0,0.820271682,0.95546349,0.00146284377,1.737353811,4.26405868,0.0146693359,0,0.896632733,0.404761905,0.34828463
13,¿Á¼ö¼ö,0,0,0,0.0833873057,0,0.189100817,0.289156627,0.922256098,0.0727111786,0.624303233,0.955223881,0,0,0,2.850485068,0,0.026123302,0.10616261,0.00365710942,0.0394532901,0.0378973105,0.0403838189,0,0.250587314,0.314814815,0.27679353
14,ÄÉÀÏ,0,0,0,0.0453367876,0,0,0.536144578,0.419207317,0.0986342944,0.451505017,0.925373134,0,0,0,0.16787141,0,1.71368861,0,1.150160913,0,1.347188264,0.027353997,0,0.411119812,0.0767195767,0.578806953
15,Åä¸¶Åä,0,0,0,0.0275259067,0,0.771662125,0.111445783,0.114329268,0.0164390491,0.105908584,0.149253731,0,0,0,0.147898041,0,0.0470219436,0,0.138970158,0.104973933,0.144254279,0.00621289521,0,0.0587314017,0,0.0293884697
16,¾Æº¸Ä«µµ,0,0,0,0.291450777,0,0.817438692,0.63253012,0.533536585,0.0632271118,0.390189521,0.492537313,0,0,0,0.951112802,0,0.0470219436,0.828586225,0.0193826799,0.581231506,0.32396088,0.015532238,0,0.32889585,0.634920635,0.0416857726
17,¾ç¼ÛÀÌ¹ö¼¸,0,0,0,0,0,0,1.165662651,0.442073171,0.703085483,0.345596433,0.164179104,0,0,0,1.618318433,0,0.0104493208,0.235629208,0,0.451247006,0.291564792,0.00465967141,0,0.140955364,0.812169312,0.0358497645
18,ÇìÀÌÁñ³Ó,0,0,0,2.291126943,0.0154728104,0,0.843373494,1.524390244,0.0632271118,1.672240803,2.388059701,0,0,0,0.475556401,0,0.679205852,1.009839461,0,0.376919825,5,0.452160707,0,0.211433046,4.338624339,0.125057318
19,¹Ð,0,0,0,0,0,0,0.361445783,0,0,2.619843924,0,0,0,0,1.141335362,0,0.271682341,0,0,0,0,0,0,0,0,0
20,º¸¸®,0,0,0,0.290641192,0,0.025613079,0.545180723,2.050304878,0.171345473,1.878483835,1.164179104,0,0,0,0.459387483,0,0.177638454,0,0,0,0,0.131592572,0,0.293657009,0.96031746,0.337863187
21,È£¹Ð,0,0,0,0.0809585492,0,0,0.210843373,0.533536585,0,0.836120401,0.447761194,0,0,0,0.428000761,0,0.13061651,0.258933195,0,0.221924757,0,0,0,0.133124511,0.291005291,0
22,°¨ÀÚ,0,0,0,0,0,0.572752044,0.0813253012,0.350609756,0.280096105,0.323299889,0.373134328,0,0,0,0.14932471,0,0.0470219436,0,0,0.122587009,0,0.0111314372,0,0.0861393892,0.394179894,0.0366834799
23,°í±¸¸¶,0,0,0,0.0178108808,0,0.789645777,0.102409639,0.152439024,0.22066262,0.289855072,0.402985075,0,0,0,0.35809397,0,0.109717868,0,0.327677004,0.108848809,0,0.0404701091,0,0.168363352,0.293650794,0.0356413356
24,Á¶Ã»,0,0,0,0,0,0.653950954,0.120481928,0,0,0.501672241,0,0,0,0,0.856001522,0,0.0156739812,0,0,0,0,0,0,0,0,0
25,°­³¶Äá,0,0,0,0.0696243523,0.0065372624,0.115531335,0.373493976,1.135670732,0.263657056,1.733556299,1.328358209,0,0,0,0.89452159,0,0.256008359,0,0.0193826799,0,0,0.0766257076,0,0.246671887,0.80952381,5
26,º´¾Æ¸®Äá,0,0,0,0.232351036,0,0,0.373493976,2.461890244,0.87696004,2.642140468,2.014925373,0,0,0,0.676716759,0,0.799373041,0,0.00841135167,0.225447372,0,0.177844125,0,0.787000783,2.177248677,0.992121389
27,¿ÏµÎ,0,0,0,0.0688147668,0.0116046078,0.648501362,0.424698795,1.112804878,0.263024785,1.15942029,0.671641791,0,0,0,1.400989157,0,0.188087774,0,0.140067291,0.507256587,0,0.09802568,0,0.309318716,0.497354497,0.99920797
28,µÎºÎ,0,0,0,0.504371762,0,0,0.539156627,0.891768293,0.0556398584,0.858416945,1.194029851,0,0,0,0.0756134678,0,0.334378265,0,0,0,0,0.0666160431,0,0.0822239624,0.333333333,0.918962858
29,À¯ºÎ,0,0,0,1.265382124,0.11569794,0.00871934605,0.15060241,2.027439024,1.441578149,2.564102564,0.970149254,0,0,0,0.394711813,0,3.051201672,0.116519938,0.00182855471,0,0.0397310513,0.174910258,0,0.133124511,0.634920635,1.769561049
30,¹ã,0,0,0,0.457415803,0,0.870844687,0.195783133,0.381097561,0.14162873,0.468227425,0.582089552,0,0,0,0.778961385,0,0.0835945664,0,0.0106056173,0.357897703,0,0.384250311,0,0.234925607,0.701058201,0.013756305
31,Àã,0,0,0,1.085654145,0.055083205,0,0.186746988,5,0.519726859,3.383500557,3.47761194,0,0,0,0.465569717,0,0.0940438871,0.383221129,0.00548566413,0.08348598,0.00305623472,1.226960514,0,0.160532498,3.812169312,0.193421985
32,È£µÎ,0,0,0,1.57140544,0,0,0.84939759,2.225609756,0.29400607,1.387959866,1.925373134,0,0,0,1.365797984,0,0.423197492,0,0.00950848449,0,1.149144254,0.240145658,0,0.610806578,3.084656085,0.225936888
33,°íÃß,0,0,0,0.0210492228,0.207382078,2.395095368,0.228915663,0.213414634,0.0290844714,0.2787068,0.28358209,0,0,0,0.265360472,0,0.078369906,0,0.167495611,0,0,0.0136338534,0,0.0978856695,0.203703704,0.0112551586
34,ÄÝ¸®ÇÃ¶ó¿ö,0,0,0,0.0161917098,0.052027325,1.822343324,0.304216867,0.495426829,0.0417298938,0.183946488,0.343283582,0,0,0,0.132204679,0,0.0731452456,0.504919731,0.00329139848,0.356136396,0.373471883,0.0226080353,0,0.250587314,0.113756614,0.213014298
35,´ç±Ù,0,0,0,0.0590997409,0.0559342096,0.164577657,0.186746988,0.0838414634,0.173242286,0.156075808,0.208955224,0,0,0,0.419440746,0,0.12539185,0,2.017261556,0.0655206425,0.054400978,0.00431451056,0,0.0861393892,0.0476190476,0.0477302097
36,µé²¢ÀÙ,0,0,0,0.0914831606,3.042380028,0.148773842,1.530120482,0.335365854,0.159332322,1.064659978,2.253731343,0,0,0,0.14266692,0,1.546499478,0,2.766603277,0.0898266873,0,0.0320136684,0,0.587314017,0.420634921,0.24011005
37,ºÎÃß,0,0,0,0.0412888601,0.355333091,0.825613079,0.454819277,0.25152439,0.0335103692,0.462653289,0.253731343,0,0,0,0.0689556781,0,0.308254963,0,0.779330018,0.0683387347,0.224327628,0.0217451332,0,0.277995301,0.082010582,0.106924007
38,ºñÆ®,0,0,0,0.0259067358,0,0.0959128065,0.0481927711,0.259146341,0.331310066,0.161649944,0.268656716,0,0,0,0.077040137,0,0.0470219436,0.183842569,0.000365710942,0.138438777,0,0.153941737,0,0.187940486,0.113756614,0.0175080245
39,»ý°­,0,0,0,0.0412888601,0,0.0817438692,0.156626506,0.160060976,0.0676530096,0.529542921,0.552238806,0,0,0,0.236351531,0,0.0940438871,0,0.0069485079,0.0870085952,0,0.154977219,0,0,0.113756614,0.0550252199
40,¾¦°«,0,0,0,0.00971502591,0.740257932,0.566757493,0.265060241,0.198170732,0.0720789074,0.440356745,0.268656716,0,0,0,0.0737112422,0,0.475444096,0,0.904037449,0,0.054400978,0.00983708408,0,0.45027408,0.19047619,0.143815916
41,¾Æ½ºÆÄ¶ó°Å½º,0,0,0,0.0663860104,0.209347125,0.762942779,0.292168675,0.754573171,0.096737481,0.261984392,0.194029851,0,0,0,0.0394711813,0,0.0574712644,0.245986535,0.075702165,0.123291532,0.0293398533,0.0174306227,0,0.877055599,0.126984127,0.129642753
42,¾ç»óÃß,0,0,0,0,0,0,0.0602409639,0,0,0.22296544,0,0,0,0,0.14266692,0,0.078369906,0,0.0285254535,0,0,0,0,0,0,0
43,¿¬±Ù,0,0,0,0.0275259067,0,1.544959128,0.373493976,0.182926829,0.0316135559,0.445930881,0.343283582,0,0,0,0.0646756705,0,0.146290491,0,0,0.117655347,0.214547677,0.16343366,0,0.0274079875,0.341269841,0.0573179374
44,ÄÝ¶óºñ,0,0,0,0.00890544041,0,0,0.105421687,0.160060976,0.0392008093,0.150501672,0.208955224,0,0,0,0.0680045653,0,0.219435737,0,0.0043885313,0.281809215,0,0.0104411156,0,0.0469851214,0.00529100529,0.102130143
45,ÆÄÇÁ¸®Ä«,0,0,0,0.130343264,0.0383338878,5,0.445783133,0.198170732,0.0354071826,0.206243032,0.149253731,0,0,0,0.440840784,0,0.0313479624,0,0.123610298,0,0,0.00906047218,0,0.176194205,0.14021164,0.103380716
46,È£¹Ú,0,0,0,0.318976684,0,0.661035422,0.409638554,0.449695122,0.0575366717,0.200668896,0.253731343,0,0,0,0.2377782,0,0.0626959248,0,1.342159157,0.253980555,0,0.00422822035,0,0.0743931088,0.14021164,0.0931677019
47,±Ö,0,0,0,0.0315738342,0,1.672479564,0.0722891566,0.129573171,0.0227617602,0.0668896321,0.134328358,0,0,0,0.17833365,0,0.0679205852,0.129466598,0.019016969,0.054952797,0.0152811736,0.00698950711,0,0.0822239624,0.0555555556,0.00812872567
48,µþ±â,0,0,0,0.0323834197,0,3.657220708,0.186746988,0.160060976,0.0271876581,0.183946488,0.194029851,0,0,0,0.19022256,0,0.0888192268,0,0.00329139848,0.0440326899,0,0.0137201436,0,0.211433046,0.322751323,0.134019759
49,·¹¸ó,0,0,0,0.0485751295,0,2.83760218,0.192771084,0.0990853659,0.240895296,0.0557413601,0.119402985,0,0,0,0.258702682,0,0.167189133,0,0,0.0778497957,0,0.00163951401,0,0.156617071,0.0899470899,0.00854558339
50,¸Á°í,0,0,0,0.0137629534,0,0.809264305,0.162650602,0.106707317,0.0309812848,0.100334448,0.179104478,0,0,0,0.142191364,0,0.0365726228,0,0.509069631,0,0,0.0221765843,0,0.0548159749,0.259259259,0.0102130143
51,¹Ù³ª³ª,0,0,0,0.0113341969,0,0.323705722,0.225903614,0.144817073,0.0170713202,0.161649944,0.417910448,0,0,0,0.234449306,0,0.0365726228,0,0.00914277355,0,0,0.0114765981,0,0.0939702428,0.224867725,0.129017466
52,ºí·çº£¸®,0,0,0,0.0939119171,0.100186447,0,0.394578313,0.0609756098,0.0518462317,0.128205128,0.0895522388,0,0,0,0.150751379,0,0.0470219436,0,0.00950848449,0,0.205378973,0.0437491371,0,0.0626468285,0.0873015873,0.0131310184
53,¿À·»Áö,0,0,0,0.0170012953,0,2.752588556,0.093373494,0.0838414634,0.103060192,0.0780379041,0.134328358,0,0,0,0.173578086,0,0.188087774,0.134645262,0.0043885313,0.0598844582,0.0464547677,0.00172580422,0,0.10963195,0.103174603,0.00896244112
54,ÇÇÅ¬,0,0,0,0.246923575,0,0.0136239782,0,0.0304878049,0.316135559,0.429208473,0.253731343,0,0,0,0.23254708,0,0.78892372,0,0.0899648917,0,0,0.00396934972,0,0.0156617071,0.148148148,0.0404351995
55,ÀÚµÎ,0,0,0,0,0,0.272479564,0.0903614458,0,0,0.11148272,0,0,0,0,0.14266692,0,0.0156739812,0,0,0,0,0,0,0,0,0
56,Å°À§,0,0,0,0.127104922,0.0434399152,4.955858311,0.156626506,0.0457317073,0.0973697521,0.958751394,0.194029851,0,0,0,0.0565912117,0,0.0992685475,0,0.0168227033,0.0799633648,0,0.00241612591,0,0.125293657,0.288359788,0.0114635875
57,ÆÄÀÎ¾ÖÇÃ,0,0,0,0,0,2.475749319,0.262048193,0.0838414634,0.691704603,0.0501672241,0.253731343,0,0,0,0.0651512269,0,0.0835945664,0,0.0226740784,0,0.209046455,0.313406047,0,0.090054816,0.285714286,0.0921255575
58,¸ÞÃß¸®¾Ë,0,0,0.143704086,0.112532383,0.028199197,0,0.93373494,1.288109756,2.262898331,1.46599777,0.149253731,0,0,0,0.0613467757,0,0.318704284,0.165717245,0.000365710942,0.747851205,0.708435208,0.00353789866,0,0.360219264,0.169312169,0.132769186
59,È«ÇÕ(º¸·ù),0,0,0,0,0,0.217983651,0.993975904,0,0,3.400222965,0,0,0,0,1.188891002,0,0.224660397,0,0,0,0,0,0,0,0,0
60,µé±â¸§,0,0,0,5,0,0,0.186746988,0.426829268,0,2.998885173,0.805970149,0,0,0,0,0,0.39184953,0,0.0215769456,0.19022122,0.236552567,0.0824934419,0,0,0.439153439,0
61,¸¶°¡¸°,0,0,0,0.459034974,0.0285473352,0,0.0301204819,0,0.499494183,0,0,0,0,0,0,0,0.104493208,0,0.0552223523,0,0.00855745721,0.000517741267,0,0,0,0.0506482138
62,¹öÅÍ,0,0,0,0.0647668394,0,0,0.138554217,0.0533536585,0,0.016722408,0,0,0,0,0,0,0.0835945664,0,0.00841135167,0,0,0,0,0,0.0105820106,0.0268873234
63,¿Ã¸®ºêÀ¯,0,0,0,0.907545337,0.222266921,0,0,0,0.153641882,0,0,0,0,0,0,0,0,0,0.0259654769,0,0,0.000517741267,0,0,0,0.201133853
64,³ìÂ÷,0,0,0,1.692033679,5,0,5,2.256097561,0.509610521,5,3.552238806,0,0,0,1.428571429,0,1.776384535,0,5,0,0.636308068,5,0,5,1.997354497,0.0719079578
65,º¸¸®Â÷,0,0,0,0.798251295,0,0,2.756024096,3.856707317,0.142261002,4.386845039,2.194029851,0,0,0,0.535476508,0,0.339602926,0,0,0,0,0.236003728,0,0.160532498,1.164021164,0.364333653
66,Çê°³Â÷,0,0,0,0.00485751295,0,0.170027248,0.00301204819,0.0152439024,0,0.00557413601,0,0,0,0,0,0,0.0052246604,0,0,0,0,0.000776611901,0,0,0.00793650794,0
67,³ìÁó,0,0,0,0.0170012953,0.609744776,0.177656676,0.25,0.0838414634,0.021497218,0.133779264,0.268656716,0,0,0,0.0209244816,0,0.496342738,0,0.467378584,0.0500211357,0,0.0126846611,0,0.0548159749,0.0476190476,0.182166826
68,µÈÀå,0,0,0,0.270401554,0,0.228882834,0.397590361,0.990853659,4.377212949,1.209587514,1.029850746,0,0,0,0.541658741,0,0.480668757,0,0.0713136337,0.986332253,0,0.0707579732,0,0.348472984,0.664021164,1.700571095
69,Ä«·¹,0,0,0,0.280926166,0,0,0.313253012,0.50304878,5,1.125975474,0.731343284,0,0,0,0.63819669,0,0.438871473,0.186431901,0.0138970158,0.397350993,0.0556234719,0.0873256938,0,0.195771339,0.420634921,0.266580516
70,¸ñÀÌ¹ö¼¸,0,0,0.596726382,0,0,0,3.530120482,1.768292683,0.347116844,4.024526198,3.701492537,0,0,0,0.954441697,0,3.145245559,0.561885034,0,1.216711286,0.0226161369,1.770157393,0,0.434612373,0.542328042,0.153820501
71,»óÈ²¹ö¼¸,0,0,0,0,0,0,0,0.00762195122,0.0196004047,0.02787068,0.0298507463,0,0,0,0.125071333,0,0.0052246604,0.0621439669,0,0,0,0.00241612591,0,0.0313234143,0.0185185185,0.00166743091
72,Ç¥°í¹ö¼¸,0,0,5,0,0,0,3.894578313,3.87195122,0.507713708,1.872909699,1.970149254,0,0,0,0.902606049,0,0.172413793,5,0,5,0.210880196,0.169042524,0,0.642129992,0.947089947,0.292425695
73,¸êÄ¡,0,0,0,0,0,0.0544959128,0.78313253,0,0,2.006688963,0,0,0,0,4.184896329,0,2.591431557,0,0,0,0,0,0,0,0,0
74,Âü±¼,0,0,0,0,0,0.217983651,0.993975904,0,0,0.724637681,0,0,0,0,1.997336884,0,0.39184953,0,0,0,0,0,0,0,0,0
75,¿¬¾î,0,0,0,0,0,0.0544959128,0.451807229,0,0,0.613154961,0,0,0,0,3.566673007,0,0.12539185,0,0,0,0,0,0,0,0,0
76,°íµî¾î,0,0,0,0,0,0,0,0,0,0,0,0,0,0,0,0,0,0,0,0,0,0,0,0,0,0
77,²ÇÄ¡,0,0,0,0,0,0,0,0,0,0,0,0,0,0,0,0,0,0,0,0,0,0,0,0,0,0
78,Ã»¾î,0,0,0,0,0,0,0,0,0,0,0,0,0,0,0,0,0,0,0,0,0,0,0,0,0,0
79,Âü´Ù¶û¾î,0,0,0,0,0,0,0,0,0,0,0,0,0,0,0,0,0,0,0,0,0,0,0,0,0,0
80,¹æ¾î,0,0,0,0,0,0,0,0,0,0,0,0,0,0,0,0,0,0,0,0,0,0,0,0,0,0
81,Âü°¡ÀÚ¹Ì,0,0,0,0,0,0,0,0,0,0,0,0,0,0,0,0,0,0,0,0,0,0,0,0,0,0
82,´ë±¸,0,0,0,0,0,0,0,0,0,0,0,0,0,0,0,0,0,0,0,0,0,0,0,0,0,0
83,»ïÄ¡,0,0,0,0,0,0,0,0,0,0,0,0,0,0,0,0,0,0,0,0,0,0,0,0,0,0
84,»õ¿ì,0,0,0,0,0,0,0,0,0,0,0,0,0,0,0,0,0,0,0,0,0,0,0,0,0,0
85,²É°Ô,0,0,0,0,0,0,0.210843373,0,0,1.672240803,0,0,0,0,1.236446643,0,0.616509927,0,0,0,0,0,0,0,0,0
86,²¿¸·,0,0,0,0,0,0,0.722891566,0,0,3.790412486,0,0,0,0,1.616891763,0,0.433646813,0,0,0,0,0,0,0,0,0
87,±èÄ¡Âî°³,0.1,62,0.1,0.2,5.4,10.2,0.1,0.4,1.4,1.5,25.4,0,0,0,2.3,2.7,15.2,0.3,275.8,0.4,2.4,0.6,1.5,42.8,0.1,6.1
88,µÈÀåÂî°³,0,700,3,1.5,90,60,0.3,8,63,2.5,350,0,0,0,18,0,300,1.5,0,6,60,2,30,400,1.1,50
89,¹Ì¿ª±¹,0.05,220,0.1,0.5,2,2,0.1,0.2,1,1,10,10,0,0.1,1,2,50,0.1,500,0.5,2,0.5,10,50,0.2,5
90,ºÒ°í±â,0.01,20,0.2,0.5,1,1,0.1,2,10,1,10,10,0,0.1,1,1,10,0.1,100,0.5,2,0.5,10,20,0.1,5
91,¿ÀÂ¡¾î,0.02,50,0.5,1,5,5,0.1,0.5,20,2,20,100,0,0.2,2,1,50,0.2,200,1,5,0.5,10,50,0.2,10
92,±èÄ¡ººÀ½¹ä,0.01,100,0.5,1,10,10,0.1,1,10,2,20,10,0,0.1,2,5,50,0.2,500,1,5,0.5,10,50,0.2,10
93,ºñºö¹ä,0.02,150,1,1,10,10,0.2,1,10,2,20,10,0,0.1,2,5,50,0.2,500,1,5,0.5,10,50,0.2,10
94,¾ÆÀÌ½ºÅ©¸²,0,75,0.8,0.8,3,3,0.3,0.7,3,0.3,7,0,0,0,0.3,25,70,0.3,150,0.7,3,0.3,7,35,0.3,7
95,½ºÆÄ°ÔÆ¼,0,76,0.7,0.7,3,3,0.3,0.7,3,1,35,0,0,0,3,22,30,0.3,150,0.7,3,0.3,7,35,0.3,7
96,»ï°ã»ì,0,15,0.3,0.7,3,3,0.3,1.5,15,0.7,15,0,0,0,3.5,9,15,0.3,0.3,0.3,3,0.3,7,15,0.3,7
97,ÅÁÈÄ·ç,0.06,25,0,0.5,30,50,0.05,0.3,0.5,0.5,13,0,0,0,0.5,0,10,1.2,50,0.3,0.5,0.3,0,25,0.1,0.5
98,¼ø´ë±¹,0.15,75,0.75,0.75,7.5,0.25,0.15,1.5,7.5,3,25,0,0,0,3.5,0.5,40,0.2,0.05,0.75,3.5,0.2,1.5,35,0.15,3.5
99,¼³··ÅÁ,0.15,75,0.75,0.75,7.5,0.25,0.15,1.5,7.5,3,25,0,0,0,3.5,0.5,40,0.2,0.05,0.75,3.5,0.2,1.5,35,0.15,3.5
100,ÀåÁ¶¸²,0.02,20,0.2,0.3,3,0,0.3,4,15,3,25,0,0,0,7.5,0.5,25,0.4,0.05,0.75,3.5,0.15,1.5,7.5,0.15,3.5
101,±èÄ¡,0.07,400,0,0.75,65,30,0.07,0.3,2,1.2,15,0,0,0,1.5,0.75,40,0.15,3.5,0.2,1.5,0.2,1.5,35,0.07,1.5
102,¸ÆÁÖ,0,0,0,0.01,0.1,0,0.03,0.02,0.2,0.02,6,0,0,0,1,0.5,4,0.02,0,0.15,1,0.02,0.5,6,0.01,1
103,¼ÒÁÖ,0,0,0,0,0,0,0,0,0,0,0,0,0,0,0,0,0,0,0,0,0,0,0,0,0,0
104,Ä¡Å²,0.07,15,0.2,0.45,7.5,1,0.15,1.2,13,1.3,23,0,0,0,10,0.2,13,0.4,0.05,0.9,1.5,0.03,1.5,7,0.07,3
105,ÇÇÀÚ,0.2,125,0.35,0.75,7.5,0.25,0.3,1.5,15,1.5,22,0,0,0,3.5,0.2,150,0.2,0.75,0.5,1.5,0.2,1.5,30,0.15,3.5
106,ÀÚÀå¸é,0.1,5,0,0.2,5,2,0.04,0.6,10,1,20,0,0,0,1,0.3,20,0.05,0.1,0.3,2,0.1,1,15,0.05,2
107,Â«»Í,0.1,100,0.1,0.5,10,5,0.05,1,5,2,20,10,0,0,1.5,0.3,20,0.1,1,0.2,2,0.1,2,15,0.1,3
108,ÅÁ¼öÀ°,0.07,7,0.05,0.2,2.5,3,0.07,1.5,15,1.5,15,0,0,0,1.5,0.25,7.5,0.15,0.05,0.15,1.5,0.15,1.5,15,0.15,3.5
109,ÃÊ¹ä,0.06,7,0.05,0.15,2.5,2.5,0.07,0.75,7.5,0.75,7.5,3,500,0,1.5,0.5,10,0.06,0.05,0.2,2.5,0.07,3,7.5,0.07,3.5
110,Æ÷ÄÉ,0.2,15,0.05,0.25,7,20,0.2,1.5,15,1.5,25,150,500,0,3.5,0.5,30,0.35,0.35,0.5,7.5,0.4,3.5,40,"0,15",4
111,µ·°¡½º,0.2,7.5,0.05,0.3,3,3,0.2,1.5,15,1.5,25,2.5,500,0,3.5,0.5,30,0.35,0.35,0.5,7.5,0.4,3.5,40,0.15,4
112,µ·±î½º,0.2,7.5,0.05,0.3,3,3,0.2,1.5,15,1.5,25,2.5,500,0,3.5,0.5,30,0.35,0.35,0.5,7.5,0.4,3.5,40,0.15,4
113,±è¹ä,0.2,7.5,0.05,0.3,3,3,0.2,1.5,15,1.5,25,2.5,500,0,3.5,0.5,30,0.35,0.35,0.5,7.5,0.4,"3,5",40,0.15,4
114,¶±ººÀÌ,0.1,5,0.1,0.3,2,2,0.2,1,10,1,20,1,1000,0,3,3,19,0.2,0.3,0.4,7.5,0.4,3,50,0.2,3
115,¼ø´ë,0.2,8,0.1,0.2,1.5,2,0.1,1,15,1.5,25,2.5,500,0,3.5,0.5,30,0.4,0.4,0.5,7.5,0.35,3.5,40,0.15,4
116,¾î¹¬,0.1,5,0.1,0.2,1.5,2,0.1,1,15,1.5,25,2.5,500,0,3.5,0.5,30,0.4,0.4,0.5,7.5,0.35,3.5,40,0.15,4
117,¾î¹¬ÅÁ,0.2,7.5,0.05,0.3,3,3,0.2,1.5,15,1.5,25,2.5,500,0,3.5,0.5,30,0.35,0.35,0.5,7.5,0.4,3.5,40,0.15,4
118,ÀâÃ¤,0.2,10,0.1,0.2,2,10,0.2,1,20,2,30,2.5,500,0,4,2,50,0.5,0.3,0.4,10,0.5,5,50,0.2,5
119,¿Àµ­,0.1,5,0.1,0.2,1.5,2,0.1,1,15,1.5,25,2.5,500,0,3.5,0.5,30,0.4,0.4,0.5,7.5,0.35,3.5,40,0.15,4
120,¿Àµ­ÅÁ,0.2,7.5,0.05,0.3,3,3,0.2,1.5,15,1.5,25,2.5,500,0,3.5,0.5,30,0.35,0.35,0.5,7.5,0.4,3.5,40,0.15,4
121,Ä®±¹¼ö,0.15,6.25,0.075,0.25,2.25,2.75,0.15,1.25,15,1.5,25,2.5,500,0,3.5,0.5,30,0.375,0.375,0.5,7.5,0.375,3.5,40,0.15,4
122,Åä¸¶Åä½ºÆÄ°ÔÆ¼,0,76,0.7,0.7,3,3,0.3,0.7,3,1,35,0,0,0,3,22,30,0.3,150,0.7,3,0.3,7,35,0.3,7
123,Å©¸²½ºÆÄ°ÔÆ¼,0,76,0.7,0.7,3,3,0.3,0.7,3,1,35,0,0,0,3,22,30,0.3,150,0.7,3,0.3,7,35,0.3,7
124,±î¸£º¸³ª¶ó,0,76,0.7,0.7,3,3,0.3,0.7,3,1,35,0,0,0,3,22,30,0.3,150,0.7,3,0.3,7,35,0.3,7
125,ÀÜÄ¡±¹¼ö,0.01,30,0.5,0.5,2,5,0.1,0.5,5,1,20,0,0,0,2,30,20,0.1,1000,0.5,5,0.2,10,50,0.1,10
126,ÇØ¹°ÆÄÀü,0,50,0.5,1,5,5,0.1,1,10,1,20,50,0,0,2,5,50,0.1,100,0.5,2,0.5,10,50,0.2,10
127,»§,0,15,0.25,0.25,3,0.5,1,0.75,7.5,0.75,10,0,0,0,2.5,7.5,25,0.25,25,0.25,2.5,0.25,10,30,0.3,10
128,ÄÉÀÌÅ©,0,40,0.25,0.25,2.5,0.25,0.1,0.75,7.5,0.75,10,0,0,0,3,30,30,0.25,30,0.3,2.5,0.25,10,30,0.3,10
129,È«»ï,0,5,0.5,0.5,0.25,5,0.25,0.05,0.05,0.05,10,0,0,0,2.5,2.5,25,0.25,5,0.25,0.25,0.25,10,25,0.25,10
130,¶ó¸é,0,10,0.5,0.5,0.25,5,0.25,0.5,5,0.5,10,0,0,0,2.5,15,25,0.25,5,0.25,0.25,0.25,10,25,0.25,10
131,Á¦À°ººÀ½,0,75,0.1,0.1,12.5,12.5,0.25,1.5,15,1.5,25,0,0,0,7.5,7.5,25,0.3,75,0.75,3.5,0.75,15,75,0.25,15
132,Ãß¾îÅÁ,0,25,1,1,5,5,0.25,1,5,1.5,15,125,0,0,2.5,2.5,30,0.25,25,0.5,3,0.25,10,30,0.25,10
133,´ßººÀ½ÅÁ,0,25,1,1,5,5,0.25,1,5,2,15,0,0,0,2.5,2.5,30,0.25,25,0.5,3,0.25,10,30,0.25,10
134,°¨ÀÚÅÁ,0,25,1.25,1,5,5,0.25,1,5,2,15,0,0,0,3,2.5,30,0.25,25,0.5,3,0.25,10,30,0.25,10
135,ºÎ´ëÂî°³,0,25,1.25,1,5,5,0.25,1,5,1.5,20,0,0,0,3,0.25,30,0.25,25,0.5,3,0.25,10,30,0.25,10
136,¼Ò¼¼Áö,0,25,1,1,5,5,0.25,1,5,1.5,15,0,0,0,3,2.5,30,0.25,25,0.5,3,0.25,10,30,0.25,10
137,¸¸µÎ,0,30,1,1,5,5,0.25,0.1,5,2,20,0,0,0,2,2,25,0.25,0.25,0.5,2.5,0.25,10,20,0.2,10
138,²Éµî½É,0,20,1,1,5,5,0.25,1,5,2,20,0,0,0,2,2.5,20,0.25,25,0.5,2.5,0.25,10,25,0.25,10
139,¶±¸¸µÔ±¹,0,25,1,1,5,5,0.25,1,5,2,20,0,0,0,3,0,20,0.25,,250,0.5,5,0.5,30,0.25,25
140,À°°³Àå,0.1,100,0.5,0.5,5,10,0.2,2,15,2,25,0,0,0,4,0,30,0.2,600,1,5,0.2,2,30,0.1,10
141,°¥ºñÂò,0.1,50,0.5,1,5,10,0.3,5,30,3,20,0,0,0,5,0,30,0.4,200,1,5,0.3,2,20,0.1,10
142,¿ù³²½Ó,1,300,0.1,2,50,15,0.2,1,5,2,20,0,0,0,2,0,30,0.1,1,0.3,2,0.2,1,50,0.1,5
143,»þºê»þºê,1,300,0.2,2,60,20,0.3,2,7,3,30,0,0,0,4,0,40,0.2,1.5,0.5,3,0.3,2,60,0.1,6
144,Äá³ª¹°±¹,0.1,20,0,0.5,3,10,0.1,0.5,1.5,0.5,15,0,0,0,0,0,20,0.1,0.05,0.2,1,0.1,0.1,30,0.05,2
145,ºÏ¾î±¹,0.05,15,0.1,0.3,2,5,0.1,0.4,1.2,0.4,12,0,0,0,0.6,0,15,0.05,0.02,0.15,1,0.05,0.1,20,0.03,1.5
146,°öÃ¢,0.02,10,0.2,0.5,2,1,0.1,2.5,10,2.5,15,0,0,0,1.5,0,10,0.1,0.01,0.2,2,0.1,1,5,0.1,2
147,±èÄ¡Àü,0.02,120,0,0.6,10,5,0.1,0.6,2.5,0.8,15,0,0,0,1,0,20,0.1,0.1,0.2,2,0.3,1,20,0.1,2
148,±ïµÎ±â,0.01,15,0,0.1,2,20,0.03,0.2,1.5,0.3,10,0,0,0,0.6,0,30,0.04,0.05,0.1,1,0.1,0.2,5,0.02,1
149,¹«¸»·©ÀÌ,0.01,0,0,0.5,0,0,0.02,0.2,1,0.8,10,0,0,0,0,0,20,0.03,0,0,1,0.1,0.2,5,0.02,1
150,¸êÄ¡ººÀ½,0.01,50,0,0.5,5,2,0.1,1,5,2,20,100,1000,5,4,2,50,0.1,50,1,10,0.5,10,20,0.1,10
151,»÷µåÀ§Ä¡,0.01,20,0.5,0.5,5,10,0.1,0.5,5,1,10,0,0,0,2,20,50,0.1,500,0.5,5,0.1,10,20,0.1,10
152,³Ã¸é,0.02,30,1,0.2,10,5,0.1,1,5,1,20,0,0,0,2,30,20,0.1,500,0.5,5,0.1,10,20,0.1,10
153,°¥Ä¡±¸ÀÌ,0.05,100,2,1,2,2,0.2,0.5,10,1,20,300,0,0,10,0,10,0.1,500,1,5,0.1,10,20,0.1,10
154,Æ÷µµ,0.01,10,0,0.2,14,10,0.01,0.1,0.1,0.3,10,0,0,0,0.1,15,20,0.1,50,0.1,2,0.1,5,2,0.1,5
155,»ç°ú,0.01,7.5,0,0.2,5,10,0.01,0.1,0.15,0.05,10,0,0,0,0.1,12,7,0.01,7,0.1,1.5,0.01,1.5,1.5,0.01,1
156,Åä¸¶Åä,0.1,600,0,0.5,10,15,0.05,0.2,"1,5",0.25,13,0,0,0,0.7,2.5,7.5,0.1,600,0.1,1.5,0.05,1.5,15,0.02,2.5
157,¼ö¹Ú,0.01,150,0,0.1,1.5,9,0.02,0.15,0.15,0.25,13,0,0,0,0.25,7,13,0.05,150,0.1,1.5,0.02,1.5,15,0.01,2
158,Âü¿Ü,0.01,250,0,0.1,3.5,15,0.02,0.15,0.15,0.25,13,0,0,0,0.25,7,13,0.05,150,0.1,1.5,0.05,1.5,10,0.02,1.5
159,Åä½ºÆ®,0.01,20,0.5,0.5,5,10,0.1,0.5,5,1,10,0,0,0,2,20,50,0.1,500,0.5,5,0.1,10,20,0.1,10
